file,crs_id,status,openshield_rules,skip_reason
REQUEST-901-INITIALIZATION.conf,901001,skipped,0,selector on TX
REQUEST-901-INITIALIZATION.conf,901100,skipped,0,selector on TX
REQUEST-901-INITIALIZATION.conf,901110,skipped,0,selector on TX
REQUEST-901-INITIALIZATION.conf,901111,skipped,0,selector on TX
REQUEST-901-INITIALIZATION.conf,901115,skipped,0,selector on TX
REQUEST-901-INITIALIZATION.conf,901120,skipped,0,selector on TX
REQUEST-901-INITIALIZATION.conf,901125,skipped,0,selector on TX
REQUEST-901-INITIALIZATION.conf,901130,skipped,0,selector on TX
REQUEST-901-INITIALIZATION.conf,901140,skipped,0,selector on TX
REQUEST-901-INITIALIZATION.conf,901141,skipped,0,selector on TX
REQUEST-901-INITIALIZATION.conf,901142,skipped,0,selector on TX
REQUEST-901-INITIALIZATION.conf,901143,skipped,0,selector on TX
REQUEST-901-INITIALIZATION.conf,901160,skipped,0,selector on TX
REQUEST-901-INITIALIZATION.conf,901162,skipped,0,selector on TX
REQUEST-901-INITIALIZATION.conf,901168,skipped,0,selector on TX
REQUEST-901-INITIALIZATION.conf,901163,skipped,0,selector on TX
REQUEST-901-INITIALIZATION.conf,901164,skipped,0,selector on TX
REQUEST-901-INITIALIZATION.conf,901165,skipped,0,selector on TX
REQUEST-901-INITIALIZATION.conf,901171,skipped,0,selector on TX
REQUEST-901-INITIALIZATION.conf,901510,skipped,0,selector on TX
REQUEST-901-INITIALIZATION.conf,901167,skipped,0,selector on TX
REQUEST-901-INITIALIZATION.conf,901169,skipped,0,selector on TX
REQUEST-901-INITIALIZATION.conf,901170,skipped,0,selector on TX
REQUEST-901-INITIALIZATION.conf,901320,skipped,0,chain: selector on TX
REQUEST-901-INITIALIZATION.conf,901340,skipped,0,variable REQBODY_PROCESSOR
REQUEST-901-INITIALIZATION.conf,901350,skipped,0,chain: selector on TX
REQUEST-901-INITIALIZATION.conf,901400,skipped,0,selector on TX
REQUEST-901-INITIALIZATION.conf,901410,skipped,0,variable UNIQUE_ID
REQUEST-901-INITIALIZATION.conf,901450,skipped,0,macro in operator argument
REQUEST-901-INITIALIZATION.conf,901500,skipped,0,macro in operator argument
REQUEST-905-COMMON-EXCEPTIONS.conf,905100,skipped,0,chain: variable REQUEST_LINE
REQUEST-905-COMMON-EXCEPTIONS.conf,905110,skipped,0,chain: variable REQUEST_LINE
REQUEST-911-METHOD-ENFORCEMENT.conf,911011,skipped,0,selector on TX
REQUEST-911-METHOD-ENFORCEMENT.conf,911012,skipped,0,selector on TX
REQUEST-911-METHOD-ENFORCEMENT.conf,911100,skipped,0,macro in operator argument
REQUEST-911-METHOD-ENFORCEMENT.conf,911013,skipped,0,selector on TX
REQUEST-911-METHOD-ENFORCEMENT.conf,911014,skipped,0,selector on TX
REQUEST-911-METHOD-ENFORCEMENT.conf,911015,skipped,0,selector on TX
REQUEST-911-METHOD-ENFORCEMENT.conf,911016,skipped,0,selector on TX
REQUEST-911-METHOD-ENFORCEMENT.conf,911017,skipped,0,selector on TX
REQUEST-911-METHOD-ENFORCEMENT.conf,911018,skipped,0,selector on TX
REQUEST-913-SCANNER-DETECTION.conf,913011,skipped,0,selector on TX
REQUEST-913-SCANNER-DETECTION.conf,913012,skipped,0,selector on TX
REQUEST-913-SCANNER-DETECTION.conf,913100,converted,1,
REQUEST-913-SCANNER-DETECTION.conf,913013,skipped,0,selector on TX
REQUEST-913-SCANNER-DETECTION.conf,913014,skipped,0,selector on TX
REQUEST-913-SCANNER-DETECTION.conf,913015,skipped,0,selector on TX
REQUEST-913-SCANNER-DETECTION.conf,913016,skipped,0,selector on TX
REQUEST-913-SCANNER-DETECTION.conf,913017,skipped,0,selector on TX
REQUEST-913-SCANNER-DETECTION.conf,913018,skipped,0,selector on TX
REQUEST-920-PROTOCOL-ENFORCEMENT.conf,920011,skipped,0,selector on TX
REQUEST-920-PROTOCOL-ENFORCEMENT.conf,920012,skipped,0,selector on TX
REQUEST-920-PROTOCOL-ENFORCEMENT.conf,920100,skipped,0,variable REQUEST_LINE
REQUEST-920-PROTOCOL-ENFORCEMENT.conf,920120,skipped,0,variable FILES
REQUEST-920-PROTOCOL-ENFORCEMENT.conf,920160,converted,1,
REQUEST-920-PROTOCOL-ENFORCEMENT.conf,920170,converted,1,
REQUEST-920-PROTOCOL-ENFORCEMENT.conf,920171,skipped,0,chain: numeric comparison on array target
REQUEST-920-PROTOCOL-ENFORCEMENT.conf,920180,skipped,0,chain: operator @within
REQUEST-920-PROTOCOL-ENFORCEMENT.conf,920181,skipped,0,chain: numeric comparison on array target
REQUEST-920-PROTOCOL-ENFORCEMENT.conf,920190,skipped,0,chain: macro in operator argument
REQUEST-920-PROTOCOL-ENFORCEMENT.conf,920660,skipped,0,numeric comparison on array target
REQUEST-920-PROTOCOL-ENFORCEMENT.conf,920210,converted,1,
REQUEST-920-PROTOCOL-ENFORCEMENT.conf,920250,skipped,0,chain: selector on TX
REQUEST-920-PROTOCOL-ENFORCEMENT.conf,920260,converted,2,
REQUEST-920-PROTOCOL-ENFORCEMENT.conf,920270,skipped,0,operator @validateByteRange
REQUEST-920-PROTOCOL-ENFORCEMENT.conf,920280,skipped,0,numeric comparison on array target
REQUEST-920-PROTOCOL-ENFORCEMENT.conf,920290,converted,1,
REQUEST-920-PROTOCOL-ENFORCEMENT.conf,920310,skipped,0,chain: negated @pm
REQUEST-920-PROTOCOL-ENFORCEMENT.conf,920311,skipped,0,chain: numeric comparison on array target
REQUEST-920-PROTOCOL-ENFORCEMENT.conf,920330,converted,1,
REQUEST-920-PROTOCOL-ENFORCEMENT.conf,920340,skipped,0,chain: numeric comparison on array target
REQUEST-920-PROTOCOL-ENFORCEMENT.conf,920350,converted,1,
REQUEST-920-PROTOCOL-ENFORCEMENT.conf,920380,skipped,0,chain: selector on TX
REQUEST-920-PROTOCOL-ENFORCEMENT.conf,920360,skipped,0,chain: selector on TX
REQUEST-920-PROTOCOL-ENFORCEMENT.conf,920370,skipped,0,chain: selector on TX
REQUEST-920-PROTOCOL-ENFORCEMENT.conf,920390,skipped,0,chain: selector on TX
REQUEST-920-PROTOCOL-ENFORCEMENT.conf,920400,skipped,0,chain: selector on TX
REQUEST-920-PROTOCOL-ENFORCEMENT.conf,920410,skipped,0,chain: selector on TX
REQUEST-920-PROTOCOL-ENFORCEMENT.conf,920470,converted,1,
REQUEST-920-PROTOCOL-ENFORCEMENT.conf,920420,skipped,0,chain: setvar tx.content_type=|%{tx.0}|
REQUEST-920-PROTOCOL-ENFORCEMENT.conf,920480,skipped,0,chain: setvar tx.content_type_charset=|%{tx.1}|
REQUEST-920-PROTOCOL-ENFORCEMENT.conf,920530,converted,1,
REQUEST-920-PROTOCOL-ENFORCEMENT.conf,920640,skipped,0,chain: variable REQUEST_BODY_LENGTH
REQUEST-920-PROTOCOL-ENFORCEMENT.conf,920430,skipped,0,macro in operator argument
REQUEST-920-PROTOCOL-ENFORCEMENT.conf,920440,skipped,0,chain: variable REQUEST_BASENAME
REQUEST-920-PROTOCOL-ENFORCEMENT.conf,920500,converted,1,
REQUEST-920-PROTOCOL-ENFORCEMENT.conf,920450,skipped,0,chain: setvar tx.header_name_920450_%{tx.0}=/%{tx.0}/
REQUEST-920-PROTOCOL-ENFORCEMENT.conf,920520,skipped,0,transform length
REQUEST-920-PROTOCOL-ENFORCEMENT.conf,920600,converted,1,
REQUEST-920-PROTOCOL-ENFORCEMENT.conf,920539,skipped,0,variable REQBODY_PROCESSOR
REQUEST-920-PROTOCOL-ENFORCEMENT.conf,920540,converted,7,
REQUEST-920-PROTOCOL-ENFORCEMENT.conf,920610,converted,1,
REQUEST-920-PROTOCOL-ENFORCEMENT.conf,920620,skipped,0,numeric comparison on array target
REQUEST-920-PROTOCOL-ENFORCEMENT.conf,920013,skipped,0,selector on TX
REQUEST-920-PROTOCOL-ENFORCEMENT.conf,920014,skipped,0,selector on TX
REQUEST-920-PROTOCOL-ENFORCEMENT.conf,920200,skipped,0,chain: variable REQUEST_BASENAME
REQUEST-920-PROTOCOL-ENFORCEMENT.conf,920201,skipped,0,chain: variable REQUEST_BASENAME
REQUEST-920-PROTOCOL-ENFORCEMENT.conf,920230,converted,3,
REQUEST-920-PROTOCOL-ENFORCEMENT.conf,920271,skipped,0,operator @validateByteRange
REQUEST-920-PROTOCOL-ENFORCEMENT.conf,920320,skipped,0,numeric comparison on array target
REQUEST-920-PROTOCOL-ENFORCEMENT.conf,920121,skipped,0,variable FILES_NAMES
REQUEST-920-PROTOCOL-ENFORCEMENT.conf,920451,skipped,0,chain: setvar tx.header_name_920451_%{tx.0}=/%{tx.0}/
REQUEST-920-PROTOCOL-ENFORCEMENT.conf,920240,skipped,0,chain: variable REQBODY_PROCESSOR
REQUEST-920-PROTOCOL-ENFORCEMENT.conf,920650,skipped,0,chain: selector on TX
REQUEST-920-PROTOCOL-ENFORCEMENT.conf,920015,skipped,0,selector on TX
REQUEST-920-PROTOCOL-ENFORCEMENT.conf,920016,skipped,0,selector on TX
REQUEST-920-PROTOCOL-ENFORCEMENT.conf,920272,skipped,0,operator @validateByteRange
REQUEST-920-PROTOCOL-ENFORCEMENT.conf,920300,skipped,0,chain: numeric comparison on array target
REQUEST-920-PROTOCOL-ENFORCEMENT.conf,920490,skipped,0,chain: numeric comparison on array target
REQUEST-920-PROTOCOL-ENFORCEMENT.conf,920510,skipped,0,chain: numeric comparison on array target
REQUEST-920-PROTOCOL-ENFORCEMENT.conf,920521,converted,1,
REQUEST-920-PROTOCOL-ENFORCEMENT.conf,920017,skipped,0,selector on TX
REQUEST-920-PROTOCOL-ENFORCEMENT.conf,920018,skipped,0,selector on TX
REQUEST-920-PROTOCOL-ENFORCEMENT.conf,920202,skipped,0,chain: variable REQUEST_BASENAME
REQUEST-920-PROTOCOL-ENFORCEMENT.conf,920273,skipped,0,operator @validateByteRange
REQUEST-920-PROTOCOL-ENFORCEMENT.conf,920274,skipped,0,negated selector !REQUEST_HEADERS:User-Agent
REQUEST-920-PROTOCOL-ENFORCEMENT.conf,920275,converted,2,
REQUEST-920-PROTOCOL-ENFORCEMENT.conf,920460,converted,7,
REQUEST-921-PROTOCOL-ATTACK.conf,921011,skipped,0,selector on TX
REQUEST-921-PROTOCOL-ATTACK.conf,921012,skipped,0,selector on TX
REQUEST-921-PROTOCOL-ATTACK.conf,921110,converted,6,
REQUEST-921-PROTOCOL-ATTACK.conf,921120,converted,7,
REQUEST-921-PROTOCOL-ATTACK.conf,921130,converted,7,
REQUEST-921-PROTOCOL-ATTACK.conf,921140,converted,2,
REQUEST-921-PROTOCOL-ATTACK.conf,921150,converted,2,
REQUEST-921-PROTOCOL-ATTACK.conf,921160,converted,2,
REQUEST-921-PROTOCOL-ATTACK.conf,921190,converted,1,
REQUEST-921-PROTOCOL-ATTACK.conf,921200,converted,7,
REQUEST-921-PROTOCOL-ATTACK.conf,921421,converted,1,
REQUEST-921-PROTOCOL-ATTACK.conf,921240,converted,1,
REQUEST-921-PROTOCOL-ATTACK.conf,921250,skipped,0,regex/wildcard selector REQUEST_COOKIES:/\x22?\x24Version/
REQUEST-921-PROTOCOL-ATTACK.conf,921013,skipped,0,selector on TX
REQUEST-921-PROTOCOL-ATTACK.conf,921014,skipped,0,selector on TX
REQUEST-921-PROTOCOL-ATTACK.conf,921151,converted,1,
REQUEST-921-PROTOCOL-ATTACK.conf,921422,converted,1,
REQUEST-921-PROTOCOL-ATTACK.conf,921015,skipped,0,selector on TX
REQUEST-921-PROTOCOL-ATTACK.conf,921016,skipped,0,selector on TX
REQUEST-921-PROTOCOL-ATTACK.conf,921230,skipped,0,numeric comparison on array target
REQUEST-921-PROTOCOL-ATTACK.conf,921170,skipped,0,setvar TX.paramcounter_%{MATCHED_VAR_NAME}=+1
REQUEST-921-PROTOCOL-ATTACK.conf,921180,skipped,0,regex/wildcard selector TX:/paramcounter_.*/
REQUEST-921-PROTOCOL-ATTACK.conf,921210,converted,2,
REQUEST-921-PROTOCOL-ATTACK.conf,921017,skipped,0,selector on TX
REQUEST-921-PROTOCOL-ATTACK.conf,921018,skipped,0,selector on TX
REQUEST-921-PROTOCOL-ATTACK.conf,921220,converted,2,
REQUEST-922-MULTIPART-ATTACK.conf,922100,skipped,0,chain: selector on MULTIPART_PART_HEADERS
REQUEST-922-MULTIPART-ATTACK.conf,922140,skipped,0,variable MULTIPART_PART_HEADERS
REQUEST-922-MULTIPART-ATTACK.conf,922150,skipped,0,variable MULTIPART_PART_HEADERS
REQUEST-922-MULTIPART-ATTACK.conf,922110,skipped,0,regex/wildcard selector TX:/MULTIPART_HEADERS_CONTENT_TYPES_*/
REQUEST-922-MULTIPART-ATTACK.conf,922120,skipped,0,variable MULTIPART_PART_HEADERS
REQUEST-922-MULTIPART-ATTACK.conf,922130,skipped,0,variable MULTIPART_PART_HEADERS
REQUEST-930-APPLICATION-ATTACK-LFI.conf,930011,skipped,0,selector on TX
REQUEST-930-APPLICATION-ATTACK-LFI.conf,930012,skipped,0,selector on TX
REQUEST-930-APPLICATION-ATTACK-LFI.conf,930100,skipped,0,negated selector !REQUEST_HEADERS:Referer
REQUEST-930-APPLICATION-ATTACK-LFI.conf,930110,skipped,0,negated selector !REQUEST_HEADERS:Referer
REQUEST-930-APPLICATION-ATTACK-LFI.conf,930120,converted,7,
REQUEST-930-APPLICATION-ATTACK-LFI.conf,930130,converted,1,
REQUEST-930-APPLICATION-ATTACK-LFI.conf,930140,converted,1,
REQUEST-930-APPLICATION-ATTACK-LFI.conf,930013,skipped,0,selector on TX
REQUEST-930-APPLICATION-ATTACK-LFI.conf,930014,skipped,0,selector on TX
REQUEST-930-APPLICATION-ATTACK-LFI.conf,930121,converted,2,
REQUEST-930-APPLICATION-ATTACK-LFI.conf,930015,skipped,0,selector on TX
REQUEST-930-APPLICATION-ATTACK-LFI.conf,930016,skipped,0,selector on TX
REQUEST-930-APPLICATION-ATTACK-LFI.conf,930017,skipped,0,selector on TX
REQUEST-930-APPLICATION-ATTACK-LFI.conf,930018,skipped,0,selector on TX
REQUEST-931-APPLICATION-ATTACK-RFI.conf,931011,skipped,0,selector on TX
REQUEST-931-APPLICATION-ATTACK-RFI.conf,931012,skipped,0,selector on TX
REQUEST-931-APPLICATION-ATTACK-RFI.conf,931100,converted,3,
REQUEST-931-APPLICATION-ATTACK-RFI.conf,931110,converted,2,
REQUEST-931-APPLICATION-ATTACK-RFI.conf,931120,converted,3,
REQUEST-931-APPLICATION-ATTACK-RFI.conf,931013,skipped,0,selector on TX
REQUEST-931-APPLICATION-ATTACK-RFI.conf,931014,skipped,0,selector on TX
REQUEST-931-APPLICATION-ATTACK-RFI.conf,931130,skipped,0,chain: setvar tx.rfi_parameter_%{MATCHED_VAR_NAME}=.%{tx.1}
REQUEST-931-APPLICATION-ATTACK-RFI.conf,931131,converted,1,
REQUEST-931-APPLICATION-ATTACK-RFI.conf,931015,skipped,0,selector on TX
REQUEST-931-APPLICATION-ATTACK-RFI.conf,931016,skipped,0,selector on TX
REQUEST-931-APPLICATION-ATTACK-RFI.conf,931017,skipped,0,selector on TX
REQUEST-931-APPLICATION-ATTACK-RFI.conf,931018,skipped,0,selector on TX
REQUEST-932-APPLICATION-ATTACK-RCE.conf,932011,skipped,0,selector on TX
REQUEST-932-APPLICATION-ATTACK-RCE.conf,932012,skipped,0,selector on TX
REQUEST-932-APPLICATION-ATTACK-RCE.conf,932230,converted,7,
REQUEST-932-APPLICATION-ATTACK-RCE.conf,932235,converted,7,
REQUEST-932-APPLICATION-ATTACK-RCE.conf,932120,converted,7,
REQUEST-932-APPLICATION-ATTACK-RCE.conf,932125,converted,7,
REQUEST-932-APPLICATION-ATTACK-RCE.conf,932130,converted,7,
REQUEST-932-APPLICATION-ATTACK-RCE.conf,932140,converted,7,
REQUEST-932-APPLICATION-ATTACK-RCE.conf,932270,converted,7,
REQUEST-932-APPLICATION-ATTACK-RCE.conf,932280,converted,7,
REQUEST-932-APPLICATION-ATTACK-RCE.conf,932250,converted,7,
REQUEST-932-APPLICATION-ATTACK-RCE.conf,932260,converted,7,
REQUEST-932-APPLICATION-ATTACK-RCE.conf,932340,converted,9,
REQUEST-932-APPLICATION-ATTACK-RCE.conf,932330,converted,7,
REQUEST-932-APPLICATION-ATTACK-RCE.conf,932160,converted,7,
REQUEST-932-APPLICATION-ATTACK-RCE.conf,932170,skipped,0,variable REQUEST_LINE
REQUEST-932-APPLICATION-ATTACK-RCE.conf,932171,skipped,0,variable FILES_NAMES
REQUEST-932-APPLICATION-ATTACK-RCE.conf,932175,converted,7,
REQUEST-932-APPLICATION-ATTACK-RCE.conf,932180,skipped,0,chain: variable FILES
REQUEST-932-APPLICATION-ATTACK-RCE.conf,932370,converted,7,
REQUEST-932-APPLICATION-ATTACK-RCE.conf,932380,converted,7,
REQUEST-932-APPLICATION-ATTACK-RCE.conf,932013,skipped,0,selector on TX
REQUEST-932-APPLICATION-ATTACK-RCE.conf,932014,skipped,0,selector on TX
REQUEST-932-APPLICATION-ATTACK-RCE.conf,932371,converted,7,
REQUEST-932-APPLICATION-ATTACK-RCE.conf,932231,converted,7,
REQUEST-932-APPLICATION-ATTACK-RCE.conf,932131,converted,2,
REQUEST-932-APPLICATION-ATTACK-RCE.conf,932200,skipped,0,chain: setvar tx.932200_matched_var_name=%{matched_var_name}
REQUEST-932-APPLICATION-ATTACK-RCE.conf,932205,skipped,0,chain: setvar tx.932205_matched_var_name=%{matched_var_name}
REQUEST-932-APPLICATION-ATTACK-RCE.conf,932206,skipped,0,chain: setvar tx.932206_matched_var_name=%{matched_var_name}
REQUEST-932-APPLICATION-ATTACK-RCE.conf,932207,skipped,0,chain: setvar tx.932207_matched_var_name=%{matched_var_name}
REQUEST-932-APPLICATION-ATTACK-RCE.conf,932220,converted,7,
REQUEST-932-APPLICATION-ATTACK-RCE.conf,932240,skipped,0,chain: setvar tx.932240_matched_var_name=%{matched_var_name}
REQUEST-932-APPLICATION-ATTACK-RCE.conf,932281,converted,7,
REQUEST-932-APPLICATION-ATTACK-RCE.conf,932210,converted,7,
REQUEST-932-APPLICATION-ATTACK-RCE.conf,932271,converted,7,
REQUEST-932-APPLICATION-ATTACK-RCE.conf,932300,converted,7,
REQUEST-932-APPLICATION-ATTACK-RCE.conf,932310,skipped,0,"pattern contains `""#`"
REQUEST-932-APPLICATION-ATTACK-RCE.conf,932320,converted,7,
REQUEST-932-APPLICATION-ATTACK-RCE.conf,932236,converted,7,
REQUEST-932-APPLICATION-ATTACK-RCE.conf,932239,converted,2,
REQUEST-932-APPLICATION-ATTACK-RCE.conf,932161,converted,2,
REQUEST-932-APPLICATION-ATTACK-RCE.conf,932390,skipped,0,negated selector !REQUEST_HEADERS:Cookie
REQUEST-932-APPLICATION-ATTACK-RCE.conf,932015,skipped,0,selector on TX
REQUEST-932-APPLICATION-ATTACK-RCE.conf,932016,skipped,0,selector on TX
REQUEST-932-APPLICATION-ATTACK-RCE.conf,932232,converted,7,
REQUEST-932-APPLICATION-ATTACK-RCE.conf,932237,converted,2,
REQUEST-932-APPLICATION-ATTACK-RCE.conf,932238,converted,9,
REQUEST-932-APPLICATION-ATTACK-RCE.conf,932290,converted,7,
REQUEST-932-APPLICATION-ATTACK-RCE.conf,932190,converted,3,
REQUEST-932-APPLICATION-ATTACK-RCE.conf,932350,converted,9,
REQUEST-932-APPLICATION-ATTACK-RCE.conf,932301,converted,7,
REQUEST-932-APPLICATION-ATTACK-RCE.conf,932311,skipped,0,"pattern contains `""#`"
REQUEST-932-APPLICATION-ATTACK-RCE.conf,932321,converted,7,
REQUEST-932-APPLICATION-ATTACK-RCE.conf,932331,converted,7,
REQUEST-932-APPLICATION-ATTACK-RCE.conf,932017,skipped,0,selector on TX
REQUEST-932-APPLICATION-ATTACK-RCE.conf,932018,skipped,0,selector on TX
REQUEST-933-APPLICATION-ATTACK-PHP.conf,933011,skipped,0,selector on TX
REQUEST-933-APPLICATION-ATTACK-PHP.conf,933012,skipped,0,selector on TX
REQUEST-933-APPLICATION-ATTACK-PHP.conf,933100,skipped,0,negated selector !REQUEST_HEADERS:Cookie
REQUEST-933-APPLICATION-ATTACK-PHP.conf,933110,skipped,0,variable FILES
REQUEST-933-APPLICATION-ATTACK-PHP.conf,933120,converted,7,
REQUEST-933-APPLICATION-ATTACK-PHP.conf,933130,converted,7,
REQUEST-933-APPLICATION-ATTACK-PHP.conf,933135,converted,8,
REQUEST-933-APPLICATION-ATTACK-PHP.conf,933140,converted,7,
REQUEST-933-APPLICATION-ATTACK-PHP.conf,933200,converted,7,
REQUEST-933-APPLICATION-ATTACK-PHP.conf,933150,skipped,0,chain: variable MATCHED_VARS
REQUEST-933-APPLICATION-ATTACK-PHP.conf,933160,converted,8,
REQUEST-933-APPLICATION-ATTACK-PHP.conf,933170,converted,8,
REQUEST-933-APPLICATION-ATTACK-PHP.conf,933180,converted,8,
REQUEST-933-APPLICATION-ATTACK-PHP.conf,933210,converted,8,
REQUEST-933-APPLICATION-ATTACK-PHP.conf,933220,skipped,0,variable FILES
REQUEST-933-APPLICATION-ATTACK-PHP.conf,933013,skipped,0,selector on TX
REQUEST-933-APPLICATION-ATTACK-PHP.conf,933014,skipped,0,selector on TX
REQUEST-933-APPLICATION-ATTACK-PHP.conf,933151,converted,8,
REQUEST-933-APPLICATION-ATTACK-PHP.conf,933152,converted,8,
REQUEST-933-APPLICATION-ATTACK-PHP.conf,933153,converted,8,
REQUEST-933-APPLICATION-ATTACK-PHP.conf,933015,skipped,0,selector on TX
REQUEST-933-APPLICATION-ATTACK-PHP.conf,933016,skipped,0,selector on TX
REQUEST-933-APPLICATION-ATTACK-PHP.conf,933131,converted,7,
REQUEST-933-APPLICATION-ATTACK-PHP.conf,933161,converted,8,
REQUEST-933-APPLICATION-ATTACK-PHP.conf,933111,skipped,0,variable FILES
REQUEST-933-APPLICATION-ATTACK-PHP.conf,933190,converted,7,
REQUEST-933-APPLICATION-ATTACK-PHP.conf,933211,converted,8,
REQUEST-933-APPLICATION-ATTACK-PHP.conf,933017,skipped,0,selector on TX
REQUEST-933-APPLICATION-ATTACK-PHP.conf,933018,skipped,0,selector on TX
REQUEST-934-APPLICATION-ATTACK-GENERIC.conf,934011,skipped,0,selector on TX
REQUEST-934-APPLICATION-ATTACK-GENERIC.conf,934012,skipped,0,selector on TX
REQUEST-934-APPLICATION-ATTACK-GENERIC.conf,934100,converted,8,
REQUEST-934-APPLICATION-ATTACK-GENERIC.conf,934110,converted,8,
REQUEST-934-APPLICATION-ATTACK-GENERIC.conf,934190,converted,8,
REQUEST-934-APPLICATION-ATTACK-GENERIC.conf,934130,converted,7,
REQUEST-934-APPLICATION-ATTACK-GENERIC.conf,934150,converted,7,
REQUEST-934-APPLICATION-ATTACK-GENERIC.conf,934160,converted,8,
REQUEST-934-APPLICATION-ATTACK-GENERIC.conf,934170,converted,8,
REQUEST-934-APPLICATION-ATTACK-GENERIC.conf,934200,converted,7,
REQUEST-934-APPLICATION-ATTACK-GENERIC.conf,934013,skipped,0,selector on TX
REQUEST-934-APPLICATION-ATTACK-GENERIC.conf,934014,skipped,0,selector on TX
REQUEST-934-APPLICATION-ATTACK-GENERIC.conf,934101,converted,8,
REQUEST-934-APPLICATION-ATTACK-GENERIC.conf,934120,converted,8,
REQUEST-934-APPLICATION-ATTACK-GENERIC.conf,934140,converted,7,
REQUEST-934-APPLICATION-ATTACK-GENERIC.conf,934180,converted,7,
REQUEST-934-APPLICATION-ATTACK-GENERIC.conf,934220,converted,3,
REQUEST-934-APPLICATION-ATTACK-GENERIC.conf,934015,skipped,0,selector on TX
REQUEST-934-APPLICATION-ATTACK-GENERIC.conf,934016,skipped,0,selector on TX
REQUEST-934-APPLICATION-ATTACK-GENERIC.conf,934210,converted,3,
REQUEST-934-APPLICATION-ATTACK-GENERIC.conf,934017,skipped,0,selector on TX
REQUEST-934-APPLICATION-ATTACK-GENERIC.conf,934018,skipped,0,selector on TX
REQUEST-941-APPLICATION-ATTACK-XSS.conf,941011,skipped,0,selector on TX
REQUEST-941-APPLICATION-ATTACK-XSS.conf,941012,skipped,0,selector on TX
REQUEST-941-APPLICATION-ATTACK-XSS.conf,941010,skipped,0,operator @validateByteRange
REQUEST-941-APPLICATION-ATTACK-XSS.conf,941100,converted,8,
REQUEST-941-APPLICATION-ATTACK-XSS.conf,941110,skipped,0,negated selector !REQUEST_HEADERS:Cookie
REQUEST-941-APPLICATION-ATTACK-XSS.conf,941120,skipped,0,negated selector !REQUEST_HEADERS:Cookie
REQUEST-941-APPLICATION-ATTACK-XSS.conf,941130,converted,9,
REQUEST-941-APPLICATION-ATTACK-XSS.conf,941140,converted,10,
REQUEST-941-APPLICATION-ATTACK-XSS.conf,941160,converted,10,
REQUEST-941-APPLICATION-ATTACK-XSS.conf,941170,converted,10,
REQUEST-941-APPLICATION-ATTACK-XSS.conf,941180,converted,8,
REQUEST-941-APPLICATION-ATTACK-XSS.conf,941190,converted,8,
REQUEST-941-APPLICATION-ATTACK-XSS.conf,941200,converted,8,
REQUEST-941-APPLICATION-ATTACK-XSS.conf,941210,converted,8,
REQUEST-941-APPLICATION-ATTACK-XSS.conf,941220,converted,8,
REQUEST-941-APPLICATION-ATTACK-XSS.conf,941230,converted,8,
REQUEST-941-APPLICATION-ATTACK-XSS.conf,941240,converted,8,
REQUEST-941-APPLICATION-ATTACK-XSS.conf,941250,converted,8,
REQUEST-941-APPLICATION-ATTACK-XSS.conf,941260,converted,8,
REQUEST-941-APPLICATION-ATTACK-XSS.conf,941270,converted,8,
REQUEST-941-APPLICATION-ATTACK-XSS.conf,941280,converted,8,
REQUEST-941-APPLICATION-ATTACK-XSS.conf,941290,converted,8,
REQUEST-941-APPLICATION-ATTACK-XSS.conf,941300,converted,8,
REQUEST-941-APPLICATION-ATTACK-XSS.conf,941310,skipped,0,chain: variable MATCHED_VARS
REQUEST-941-APPLICATION-ATTACK-XSS.conf,941350,converted,8,
REQUEST-941-APPLICATION-ATTACK-XSS.conf,941360,converted,8,
REQUEST-941-APPLICATION-ATTACK-XSS.conf,941370,converted,6,
REQUEST-941-APPLICATION-ATTACK-XSS.conf,941390,converted,8,
REQUEST-941-APPLICATION-ATTACK-XSS.conf,941400,converted,8,
REQUEST-941-APPLICATION-ATTACK-XSS.conf,941013,skipped,0,selector on TX
REQUEST-941-APPLICATION-ATTACK-XSS.conf,941014,skipped,0,selector on TX
REQUEST-941-APPLICATION-ATTACK-XSS.conf,941101,converted,2,
REQUEST-941-APPLICATION-ATTACK-XSS.conf,941150,converted,9,
REQUEST-941-APPLICATION-ATTACK-XSS.conf,941181,converted,8,
REQUEST-941-APPLICATION-ATTACK-XSS.conf,941320,converted,8,
REQUEST-941-APPLICATION-ATTACK-XSS.conf,941330,converted,8,
REQUEST-941-APPLICATION-ATTACK-XSS.conf,941340,converted,8,
REQUEST-941-APPLICATION-ATTACK-XSS.conf,941380,converted,8,
REQUEST-941-APPLICATION-ATTACK-XSS.conf,941015,skipped,0,selector on TX
REQUEST-941-APPLICATION-ATTACK-XSS.conf,941016,skipped,0,selector on TX
REQUEST-941-APPLICATION-ATTACK-XSS.conf,941017,skipped,0,selector on TX
REQUEST-941-APPLICATION-ATTACK-XSS.conf,941018,skipped,0,selector on TX
REQUEST-942-APPLICATION-ATTACK-SQLI.conf,942011,skipped,0,selector on TX
REQUEST-942-APPLICATION-ATTACK-SQLI.conf,942012,skipped,0,selector on TX
REQUEST-942-APPLICATION-ATTACK-SQLI.conf,942100,converted,9,
REQUEST-942-APPLICATION-ATTACK-SQLI.conf,942140,converted,7,
REQUEST-942-APPLICATION-ATTACK-SQLI.conf,942151,converted,7,
REQUEST-942-APPLICATION-ATTACK-SQLI.conf,942160,converted,8,
REQUEST-942-APPLICATION-ATTACK-SQLI.conf,942170,converted,7,
REQUEST-942-APPLICATION-ATTACK-SQLI.conf,942190,skipped,0,transform removeCommentsChar
REQUEST-942-APPLICATION-ATTACK-SQLI.conf,942220,converted,7,
REQUEST-942-APPLICATION-ATTACK-SQLI.conf,942230,converted,7,
REQUEST-942-APPLICATION-ATTACK-SQLI.conf,942240,converted,7,
REQUEST-942-APPLICATION-ATTACK-SQLI.conf,942250,converted,7,
REQUEST-942-APPLICATION-ATTACK-SQLI.conf,942270,converted,7,
REQUEST-942-APPLICATION-ATTACK-SQLI.conf,942280,converted,9,
REQUEST-942-APPLICATION-ATTACK-SQLI.conf,942290,converted,7,
REQUEST-942-APPLICATION-ATTACK-SQLI.conf,942320,converted,7,
REQUEST-942-APPLICATION-ATTACK-SQLI.conf,942350,converted,7,
REQUEST-942-APPLICATION-ATTACK-SQLI.conf,942360,converted,7,
REQUEST-942-APPLICATION-ATTACK-SQLI.conf,942500,converted,7,
REQUEST-942-APPLICATION-ATTACK-SQLI.conf,942540,converted,7,
REQUEST-942-APPLICATION-ATTACK-SQLI.conf,942560,converted,7,
REQUEST-942-APPLICATION-ATTACK-SQLI.conf,942550,converted,8,
REQUEST-942-APPLICATION-ATTACK-SQLI.conf,942013,skipped,0,selector on TX
REQUEST-942-APPLICATION-ATTACK-SQLI.conf,942014,skipped,0,selector on TX
REQUEST-942-APPLICATION-ATTACK-SQLI.conf,942120,converted,6,
REQUEST-942-APPLICATION-ATTACK-SQLI.conf,942130,skipped,0,chain: setvar tx.942130_matched_var_name=%{matched_var_name}
REQUEST-942-APPLICATION-ATTACK-SQLI.conf,942131,skipped,0,chain: setvar tx.942131_matched_var_name=%{matched_var_name}
REQUEST-942-APPLICATION-ATTACK-SQLI.conf,942150,converted,7,
REQUEST-942-APPLICATION-ATTACK-SQLI.conf,942180,converted,7,
REQUEST-942-APPLICATION-ATTACK-SQLI.conf,942200,skipped,0,chain: variable MATCHED_VARS
REQUEST-942-APPLICATION-ATTACK-SQLI.conf,942210,converted,7,
REQUEST-942-APPLICATION-ATTACK-SQLI.conf,942260,converted,7,
REQUEST-942-APPLICATION-ATTACK-SQLI.conf,942300,converted,7,
REQUEST-942-APPLICATION-ATTACK-SQLI.conf,942310,converted,7,
REQUEST-942-APPLICATION-ATTACK-SQLI.conf,942330,converted,7,
REQUEST-942-APPLICATION-ATTACK-SQLI.conf,942340,converted,7,
REQUEST-942-APPLICATION-ATTACK-SQLI.conf,942361,converted,7,
REQUEST-942-APPLICATION-ATTACK-SQLI.conf,942362,converted,7,
REQUEST-942-APPLICATION-ATTACK-SQLI.conf,942370,converted,9,
REQUEST-942-APPLICATION-ATTACK-SQLI.conf,942380,converted,7,
REQUEST-942-APPLICATION-ATTACK-SQLI.conf,942390,converted,7,
REQUEST-942-APPLICATION-ATTACK-SQLI.conf,942400,converted,7,
REQUEST-942-APPLICATION-ATTACK-SQLI.conf,942410,converted,7,
REQUEST-942-APPLICATION-ATTACK-SQLI.conf,942470,converted,7,
REQUEST-942-APPLICATION-ATTACK-SQLI.conf,942480,skipped,0,negated selector !REQUEST_HEADERS:Cookie
REQUEST-942-APPLICATION-ATTACK-SQLI.conf,942430,converted,5,
REQUEST-942-APPLICATION-ATTACK-SQLI.conf,942440,skipped,0,chain: variable MATCHED_VARS
REQUEST-942-APPLICATION-ATTACK-SQLI.conf,942450,converted,7,
REQUEST-942-APPLICATION-ATTACK-SQLI.conf,942510,converted,7,
REQUEST-942-APPLICATION-ATTACK-SQLI.conf,942520,converted,7,
REQUEST-942-APPLICATION-ATTACK-SQLI.conf,942521,skipped,0,chain: setvar tx.942521_matched_var_name=%{matched_var_name}
REQUEST-942-APPLICATION-ATTACK-SQLI.conf,942522,converted,5,
REQUEST-942-APPLICATION-ATTACK-SQLI.conf,942101,skipped,0,variable REQUEST_BASENAME
REQUEST-942-APPLICATION-ATTACK-SQLI.conf,942152,converted,2,
REQUEST-942-APPLICATION-ATTACK-SQLI.conf,942321,converted,2,
REQUEST-942-APPLICATION-ATTACK-SQLI.conf,942015,skipped,0,selector on TX
REQUEST-942-APPLICATION-ATTACK-SQLI.conf,942016,skipped,0,selector on TX
REQUEST-942-APPLICATION-ATTACK-SQLI.conf,942251,converted,7,
REQUEST-942-APPLICATION-ATTACK-SQLI.conf,942490,converted,7,
REQUEST-942-APPLICATION-ATTACK-SQLI.conf,942420,converted,2,
REQUEST-942-APPLICATION-ATTACK-SQLI.conf,942431,skipped,0,negated selector !ARGS_NAMES:/^[\w]+\[[\w\-]+\]\[[\w\-]*?\]$/
REQUEST-942-APPLICATION-ATTACK-SQLI.conf,942460,converted,3,
REQUEST-942-APPLICATION-ATTACK-SQLI.conf,942511,converted,7,
REQUEST-942-APPLICATION-ATTACK-SQLI.conf,942530,converted,7,
REQUEST-942-APPLICATION-ATTACK-SQLI.conf,942017,skipped,0,selector on TX
REQUEST-942-APPLICATION-ATTACK-SQLI.conf,942018,skipped,0,selector on TX
REQUEST-942-APPLICATION-ATTACK-SQLI.conf,942421,converted,2,
REQUEST-942-APPLICATION-ATTACK-SQLI.conf,942432,converted,5,
REQUEST-943-APPLICATION-ATTACK-SESSION-FIXATION.conf,943011,skipped,0,selector on TX
REQUEST-943-APPLICATION-ATTACK-SESSION-FIXATION.conf,943012,skipped,0,selector on TX
REQUEST-943-APPLICATION-ATTACK-SESSION-FIXATION.conf,943100,converted,7,
REQUEST-943-APPLICATION-ATTACK-SESSION-FIXATION.conf,943110,skipped,0,chain: setvar tx.943110_matched_var_name=%{matched_var_name}
REQUEST-943-APPLICATION-ATTACK-SESSION-FIXATION.conf,943120,skipped,0,chain: setvar tx.943120_matched_var_name=%{matched_var_name}
REQUEST-943-APPLICATION-ATTACK-SESSION-FIXATION.conf,943013,skipped,0,selector on TX
REQUEST-943-APPLICATION-ATTACK-SESSION-FIXATION.conf,943014,skipped,0,selector on TX
REQUEST-943-APPLICATION-ATTACK-SESSION-FIXATION.conf,943015,skipped,0,selector on TX
REQUEST-943-APPLICATION-ATTACK-SESSION-FIXATION.conf,943016,skipped,0,selector on TX
REQUEST-943-APPLICATION-ATTACK-SESSION-FIXATION.conf,943017,skipped,0,selector on TX
REQUEST-943-APPLICATION-ATTACK-SESSION-FIXATION.conf,943018,skipped,0,selector on TX
REQUEST-944-APPLICATION-ATTACK-JAVA.conf,944011,skipped,0,selector on TX
REQUEST-944-APPLICATION-ATTACK-JAVA.conf,944012,skipped,0,selector on TX
REQUEST-944-APPLICATION-ATTACK-JAVA.conf,944100,skipped,0,negated selector !REQUEST_HEADERS:Cookie
REQUEST-944-APPLICATION-ATTACK-JAVA.conf,944110,skipped,0,chain: negated selector !REQUEST_HEADERS:Cookie
REQUEST-944-APPLICATION-ATTACK-JAVA.conf,944120,skipped,0,chain: negated selector !REQUEST_HEADERS:Cookie
REQUEST-944-APPLICATION-ATTACK-JAVA.conf,944130,skipped,0,negated selector !REQUEST_HEADERS:Cookie
REQUEST-944-APPLICATION-ATTACK-JAVA.conf,944140,skipped,0,variable FILES
REQUEST-944-APPLICATION-ATTACK-JAVA.conf,944150,skipped,0,variable REQUEST_LINE
REQUEST-944-APPLICATION-ATTACK-JAVA.conf,944013,skipped,0,selector on TX
REQUEST-944-APPLICATION-ATTACK-JAVA.conf,944014,skipped,0,selector on TX
REQUEST-944-APPLICATION-ATTACK-JAVA.conf,944151,skipped,0,variable REQUEST_LINE
REQUEST-944-APPLICATION-ATTACK-JAVA.conf,944200,skipped,0,negated selector !REQUEST_HEADERS:Cookie
REQUEST-944-APPLICATION-ATTACK-JAVA.conf,944210,skipped,0,negated selector !REQUEST_HEADERS:Cookie
REQUEST-944-APPLICATION-ATTACK-JAVA.conf,944240,skipped,0,negated selector !REQUEST_HEADERS:Cookie
REQUEST-944-APPLICATION-ATTACK-JAVA.conf,944250,skipped,0,negated selector !REQUEST_HEADERS:Cookie
REQUEST-944-APPLICATION-ATTACK-JAVA.conf,944260,skipped,0,negated selector !REQUEST_HEADERS:Cookie
REQUEST-944-APPLICATION-ATTACK-JAVA.conf,944015,skipped,0,selector on TX
REQUEST-944-APPLICATION-ATTACK-JAVA.conf,944016,skipped,0,selector on TX
REQUEST-944-APPLICATION-ATTACK-JAVA.conf,944300,skipped,0,negated selector !REQUEST_HEADERS:Cookie
REQUEST-944-APPLICATION-ATTACK-JAVA.conf,944017,skipped,0,selector on TX
REQUEST-944-APPLICATION-ATTACK-JAVA.conf,944018,skipped,0,selector on TX
REQUEST-944-APPLICATION-ATTACK-JAVA.conf,944152,skipped,0,variable REQUEST_LINE
REQUEST-949-BLOCKING-EVALUATION.conf,949052,skipped,0,selector on TX
REQUEST-949-BLOCKING-EVALUATION.conf,949152,skipped,0,selector on TX
REQUEST-949-BLOCKING-EVALUATION.conf,949053,skipped,0,selector on TX
REQUEST-949-BLOCKING-EVALUATION.conf,949153,skipped,0,selector on TX
REQUEST-949-BLOCKING-EVALUATION.conf,949054,skipped,0,selector on TX
REQUEST-949-BLOCKING-EVALUATION.conf,949154,skipped,0,selector on TX
REQUEST-949-BLOCKING-EVALUATION.conf,949055,skipped,0,selector on TX
REQUEST-949-BLOCKING-EVALUATION.conf,949155,skipped,0,selector on TX
REQUEST-949-BLOCKING-EVALUATION.conf,949060,skipped,0,selector on TX
REQUEST-949-BLOCKING-EVALUATION.conf,949160,skipped,0,selector on TX
REQUEST-949-BLOCKING-EVALUATION.conf,949061,skipped,0,selector on TX
REQUEST-949-BLOCKING-EVALUATION.conf,949161,skipped,0,selector on TX
REQUEST-949-BLOCKING-EVALUATION.conf,949062,skipped,0,selector on TX
REQUEST-949-BLOCKING-EVALUATION.conf,949162,skipped,0,selector on TX
REQUEST-949-BLOCKING-EVALUATION.conf,949063,skipped,0,selector on TX
REQUEST-949-BLOCKING-EVALUATION.conf,949163,skipped,0,selector on TX
REQUEST-949-BLOCKING-EVALUATION.conf,949111,skipped,0,chain: macro in operator argument
REQUEST-949-BLOCKING-EVALUATION.conf,949110,skipped,0,macro in operator argument
REQUEST-949-BLOCKING-EVALUATION.conf,949011,skipped,0,selector on TX
REQUEST-949-BLOCKING-EVALUATION.conf,949012,skipped,0,selector on TX
REQUEST-949-BLOCKING-EVALUATION.conf,949013,skipped,0,selector on TX
REQUEST-949-BLOCKING-EVALUATION.conf,949014,skipped,0,selector on TX
REQUEST-949-BLOCKING-EVALUATION.conf,949015,skipped,0,selector on TX
REQUEST-949-BLOCKING-EVALUATION.conf,949016,skipped,0,selector on TX
REQUEST-949-BLOCKING-EVALUATION.conf,949017,skipped,0,selector on TX
REQUEST-949-BLOCKING-EVALUATION.conf,949018,skipped,0,selector on TX
RESPONSE-950-DATA-LEAKAGES.conf,950021,skipped,0,selector on TX
RESPONSE-950-DATA-LEAKAGES.conf,950010,converted,1,
RESPONSE-950-DATA-LEAKAGES.conf,950011,skipped,0,selector on TX
RESPONSE-950-DATA-LEAKAGES.conf,950012,skipped,0,selector on TX
RESPONSE-950-DATA-LEAKAGES.conf,950130,converted,1,
RESPONSE-950-DATA-LEAKAGES.conf,950140,converted,1,
RESPONSE-950-DATA-LEAKAGES.conf,950150,converted,1,
RESPONSE-950-DATA-LEAKAGES.conf,950013,skipped,0,selector on TX
RESPONSE-950-DATA-LEAKAGES.conf,950014,skipped,0,selector on TX
RESPONSE-950-DATA-LEAKAGES.conf,950100,converted,1,
RESPONSE-950-DATA-LEAKAGES.conf,950015,skipped,0,selector on TX
RESPONSE-950-DATA-LEAKAGES.conf,950016,skipped,0,selector on TX
RESPONSE-950-DATA-LEAKAGES.conf,950017,skipped,0,selector on TX
RESPONSE-950-DATA-LEAKAGES.conf,950018,skipped,0,selector on TX
RESPONSE-951-DATA-LEAKAGES-SQL.conf,951010,converted,1,
RESPONSE-951-DATA-LEAKAGES-SQL.conf,951011,skipped,0,selector on TX
RESPONSE-951-DATA-LEAKAGES-SQL.conf,951012,skipped,0,selector on TX
RESPONSE-951-DATA-LEAKAGES-SQL.conf,951100,skipped,0,negated @pmFromFile
RESPONSE-951-DATA-LEAKAGES-SQL.conf,951110,converted,1,
RESPONSE-951-DATA-LEAKAGES-SQL.conf,951120,converted,1,
RESPONSE-951-DATA-LEAKAGES-SQL.conf,951130,converted,1,
RESPONSE-951-DATA-LEAKAGES-SQL.conf,951140,converted,1,
RESPONSE-951-DATA-LEAKAGES-SQL.conf,951150,converted,1,
RESPONSE-951-DATA-LEAKAGES-SQL.conf,951160,converted,1,
RESPONSE-951-DATA-LEAKAGES-SQL.conf,951170,converted,1,
RESPONSE-951-DATA-LEAKAGES-SQL.conf,951180,converted,1,
RESPONSE-951-DATA-LEAKAGES-SQL.conf,951190,converted,1,
RESPONSE-951-DATA-LEAKAGES-SQL.conf,951200,converted,1,
RESPONSE-951-DATA-LEAKAGES-SQL.conf,951210,converted,1,
RESPONSE-951-DATA-LEAKAGES-SQL.conf,951220,converted,1,
RESPONSE-951-DATA-LEAKAGES-SQL.conf,951230,converted,1,
RESPONSE-951-DATA-LEAKAGES-SQL.conf,951240,converted,1,
RESPONSE-951-DATA-LEAKAGES-SQL.conf,951250,converted,1,
RESPONSE-951-DATA-LEAKAGES-SQL.conf,951260,converted,1,
RESPONSE-951-DATA-LEAKAGES-SQL.conf,951013,skipped,0,selector on TX
RESPONSE-951-DATA-LEAKAGES-SQL.conf,951014,skipped,0,selector on TX
RESPONSE-951-DATA-LEAKAGES-SQL.conf,951015,skipped,0,selector on TX
RESPONSE-951-DATA-LEAKAGES-SQL.conf,951016,skipped,0,selector on TX
RESPONSE-951-DATA-LEAKAGES-SQL.conf,951017,skipped,0,selector on TX
RESPONSE-951-DATA-LEAKAGES-SQL.conf,951018,skipped,0,selector on TX
RESPONSE-952-DATA-LEAKAGES-JAVA.conf,952010,converted,1,
RESPONSE-952-DATA-LEAKAGES-JAVA.conf,952011,skipped,0,selector on TX
RESPONSE-952-DATA-LEAKAGES-JAVA.conf,952012,skipped,0,selector on TX
RESPONSE-952-DATA-LEAKAGES-JAVA.conf,952110,converted,1,
RESPONSE-952-DATA-LEAKAGES-JAVA.conf,952013,skipped,0,selector on TX
RESPONSE-952-DATA-LEAKAGES-JAVA.conf,952014,skipped,0,selector on TX
RESPONSE-952-DATA-LEAKAGES-JAVA.conf,952015,skipped,0,selector on TX
RESPONSE-952-DATA-LEAKAGES-JAVA.conf,952016,skipped,0,selector on TX
RESPONSE-952-DATA-LEAKAGES-JAVA.conf,952017,skipped,0,selector on TX
RESPONSE-952-DATA-LEAKAGES-JAVA.conf,952018,skipped,0,selector on TX
RESPONSE-953-DATA-LEAKAGES-PHP.conf,953010,converted,1,
RESPONSE-953-DATA-LEAKAGES-PHP.conf,953011,skipped,0,selector on TX
RESPONSE-953-DATA-LEAKAGES-PHP.conf,953012,skipped,0,selector on TX
RESPONSE-953-DATA-LEAKAGES-PHP.conf,953100,converted,1,
RESPONSE-953-DATA-LEAKAGES-PHP.conf,953110,converted,1,
RESPONSE-953-DATA-LEAKAGES-PHP.conf,953120,converted,1,
RESPONSE-953-DATA-LEAKAGES-PHP.conf,953013,skipped,0,selector on TX
RESPONSE-953-DATA-LEAKAGES-PHP.conf,953014,skipped,0,selector on TX
RESPONSE-953-DATA-LEAKAGES-PHP.conf,953101,converted,1,
RESPONSE-953-DATA-LEAKAGES-PHP.conf,953015,skipped,0,selector on TX
RESPONSE-953-DATA-LEAKAGES-PHP.conf,953016,skipped,0,selector on TX
RESPONSE-953-DATA-LEAKAGES-PHP.conf,953017,skipped,0,selector on TX
RESPONSE-953-DATA-LEAKAGES-PHP.conf,953018,skipped,0,selector on TX
RESPONSE-954-DATA-LEAKAGES-IIS.conf,954010,converted,1,
RESPONSE-954-DATA-LEAKAGES-IIS.conf,954011,skipped,0,selector on TX
RESPONSE-954-DATA-LEAKAGES-IIS.conf,954012,skipped,0,selector on TX
RESPONSE-954-DATA-LEAKAGES-IIS.conf,954100,converted,1,
RESPONSE-954-DATA-LEAKAGES-IIS.conf,954110,converted,1,
RESPONSE-954-DATA-LEAKAGES-IIS.conf,954120,converted,1,
RESPONSE-954-DATA-LEAKAGES-IIS.conf,954130,converted,1,
RESPONSE-954-DATA-LEAKAGES-IIS.conf,954013,skipped,0,selector on TX
RESPONSE-954-DATA-LEAKAGES-IIS.conf,954014,skipped,0,selector on TX
RESPONSE-954-DATA-LEAKAGES-IIS.conf,954101,converted,1,
RESPONSE-954-DATA-LEAKAGES-IIS.conf,954015,skipped,0,selector on TX
RESPONSE-954-DATA-LEAKAGES-IIS.conf,954016,skipped,0,selector on TX
RESPONSE-954-DATA-LEAKAGES-IIS.conf,954017,skipped,0,selector on TX
RESPONSE-954-DATA-LEAKAGES-IIS.conf,954018,skipped,0,selector on TX
RESPONSE-955-WEB-SHELLS.conf,955010,converted,1,
RESPONSE-955-WEB-SHELLS.conf,955011,skipped,0,selector on TX
RESPONSE-955-WEB-SHELLS.conf,955012,skipped,0,selector on TX
RESPONSE-955-WEB-SHELLS.conf,955100,converted,1,
RESPONSE-955-WEB-SHELLS.conf,955110,converted,1,
RESPONSE-955-WEB-SHELLS.conf,955120,converted,1,
RESPONSE-955-WEB-SHELLS.conf,955130,converted,1,
RESPONSE-955-WEB-SHELLS.conf,955140,converted,1,
RESPONSE-955-WEB-SHELLS.conf,955150,converted,1,
RESPONSE-955-WEB-SHELLS.conf,955160,converted,1,
RESPONSE-955-WEB-SHELLS.conf,955170,converted,1,
RESPONSE-955-WEB-SHELLS.conf,955180,converted,1,
RESPONSE-955-WEB-SHELLS.conf,955190,converted,1,
RESPONSE-955-WEB-SHELLS.conf,955200,converted,1,
RESPONSE-955-WEB-SHELLS.conf,955210,converted,1,
RESPONSE-955-WEB-SHELLS.conf,955220,converted,1,
RESPONSE-955-WEB-SHELLS.conf,955230,converted,1,
RESPONSE-955-WEB-SHELLS.conf,955240,converted,1,
RESPONSE-955-WEB-SHELLS.conf,955250,converted,1,
RESPONSE-955-WEB-SHELLS.conf,955260,converted,1,
RESPONSE-955-WEB-SHELLS.conf,955270,converted,1,
RESPONSE-955-WEB-SHELLS.conf,955280,converted,1,
RESPONSE-955-WEB-SHELLS.conf,955290,converted,1,
RESPONSE-955-WEB-SHELLS.conf,955300,converted,1,
RESPONSE-955-WEB-SHELLS.conf,955310,converted,1,
RESPONSE-955-WEB-SHELLS.conf,955320,converted,1,
RESPONSE-955-WEB-SHELLS.conf,955330,converted,1,
RESPONSE-955-WEB-SHELLS.conf,955340,converted,1,
RESPONSE-955-WEB-SHELLS.conf,955400,converted,1,
RESPONSE-955-WEB-SHELLS.conf,955013,skipped,0,selector on TX
RESPONSE-955-WEB-SHELLS.conf,955014,skipped,0,selector on TX
RESPONSE-955-WEB-SHELLS.conf,955350,converted,1,
RESPONSE-955-WEB-SHELLS.conf,955015,skipped,0,selector on TX
RESPONSE-955-WEB-SHELLS.conf,955016,skipped,0,selector on TX
RESPONSE-955-WEB-SHELLS.conf,955017,skipped,0,selector on TX
RESPONSE-955-WEB-SHELLS.conf,955018,skipped,0,selector on TX
RESPONSE-956-DATA-LEAKAGES-RUBY.conf,956010,converted,1,
RESPONSE-956-DATA-LEAKAGES-RUBY.conf,956011,skipped,0,selector on TX
RESPONSE-956-DATA-LEAKAGES-RUBY.conf,956012,skipped,0,selector on TX
RESPONSE-956-DATA-LEAKAGES-RUBY.conf,956100,converted,1,
RESPONSE-956-DATA-LEAKAGES-RUBY.conf,956013,skipped,0,selector on TX
RESPONSE-956-DATA-LEAKAGES-RUBY.conf,956014,skipped,0,selector on TX
RESPONSE-956-DATA-LEAKAGES-RUBY.conf,956110,converted,1,
RESPONSE-956-DATA-LEAKAGES-RUBY.conf,956015,skipped,0,selector on TX
RESPONSE-956-DATA-LEAKAGES-RUBY.conf,956016,skipped,0,selector on TX
RESPONSE-956-DATA-LEAKAGES-RUBY.conf,956017,skipped,0,selector on TX
RESPONSE-956-DATA-LEAKAGES-RUBY.conf,956018,skipped,0,selector on TX
RESPONSE-959-BLOCKING-EVALUATION.conf,959052,skipped,0,selector on TX
RESPONSE-959-BLOCKING-EVALUATION.conf,959152,skipped,0,selector on TX
RESPONSE-959-BLOCKING-EVALUATION.conf,959053,skipped,0,selector on TX
RESPONSE-959-BLOCKING-EVALUATION.conf,959153,skipped,0,selector on TX
RESPONSE-959-BLOCKING-EVALUATION.conf,959054,skipped,0,selector on TX
RESPONSE-959-BLOCKING-EVALUATION.conf,959154,skipped,0,selector on TX
RESPONSE-959-BLOCKING-EVALUATION.conf,959055,skipped,0,selector on TX
RESPONSE-959-BLOCKING-EVALUATION.conf,959155,skipped,0,selector on TX
RESPONSE-959-BLOCKING-EVALUATION.conf,959060,skipped,0,selector on TX
RESPONSE-959-BLOCKING-EVALUATION.conf,959160,skipped,0,selector on TX
RESPONSE-959-BLOCKING-EVALUATION.conf,959061,skipped,0,selector on TX
RESPONSE-959-BLOCKING-EVALUATION.conf,959161,skipped,0,selector on TX
RESPONSE-959-BLOCKING-EVALUATION.conf,959062,skipped,0,selector on TX
RESPONSE-959-BLOCKING-EVALUATION.conf,959162,skipped,0,selector on TX
RESPONSE-959-BLOCKING-EVALUATION.conf,959063,skipped,0,selector on TX
RESPONSE-959-BLOCKING-EVALUATION.conf,959163,skipped,0,selector on TX
RESPONSE-959-BLOCKING-EVALUATION.conf,959101,skipped,0,chain: macro in operator argument
RESPONSE-959-BLOCKING-EVALUATION.conf,959100,skipped,0,macro in operator argument
RESPONSE-959-BLOCKING-EVALUATION.conf,959011,skipped,0,selector on TX
RESPONSE-959-BLOCKING-EVALUATION.conf,959012,skipped,0,selector on TX
RESPONSE-959-BLOCKING-EVALUATION.conf,959013,skipped,0,selector on TX
RESPONSE-959-BLOCKING-EVALUATION.conf,959014,skipped,0,selector on TX
RESPONSE-959-BLOCKING-EVALUATION.conf,959015,skipped,0,selector on TX
RESPONSE-959-BLOCKING-EVALUATION.conf,959016,skipped,0,selector on TX
RESPONSE-959-BLOCKING-EVALUATION.conf,959017,skipped,0,selector on TX
RESPONSE-959-BLOCKING-EVALUATION.conf,959018,skipped,0,selector on TX
RESPONSE-980-CORRELATION.conf,980041,skipped,0,selector on TX
RESPONSE-980-CORRELATION.conf,980042,skipped,0,selector on TX
RESPONSE-980-CORRELATION.conf,980043,skipped,0,selector on TX
RESPONSE-980-CORRELATION.conf,980044,skipped,0,macro in operator argument
RESPONSE-980-CORRELATION.conf,980045,skipped,0,macro in operator argument
RESPONSE-980-CORRELATION.conf,980046,skipped,0,selector on TX
RESPONSE-980-CORRELATION.conf,980047,skipped,0,macro in operator argument
RESPONSE-980-CORRELATION.conf,980048,skipped,0,macro in operator argument
RESPONSE-980-CORRELATION.conf,980049,skipped,0,selector on TX
RESPONSE-980-CORRELATION.conf,980050,skipped,0,selector on TX
RESPONSE-980-CORRELATION.conf,980051,skipped,0,selector on TX
RESPONSE-980-CORRELATION.conf,980011,skipped,0,selector on TX
RESPONSE-980-CORRELATION.conf,980012,skipped,0,selector on TX
RESPONSE-980-CORRELATION.conf,980013,skipped,0,selector on TX
RESPONSE-980-CORRELATION.conf,980014,skipped,0,selector on TX
RESPONSE-980-CORRELATION.conf,980015,skipped,0,selector on TX
RESPONSE-980-CORRELATION.conf,980016,skipped,0,selector on TX
RESPONSE-980-CORRELATION.conf,980017,skipped,0,selector on TX
RESPONSE-980-CORRELATION.conf,980018,skipped,0,selector on TX
